persona_id,question,correct_answer,groundtruth_preference,all_answers,persona,preference_type,conversation_scenario,preference_topic,query_topic,who,updated,previous_preference,context_file_path,num_tokens,distance_from_query_to_target_conversation
persona_001,What's your favorite type of music?,"I love jazz music, especially smooth jazz from the 80s","jazz music","['jazz music', 'rock music', 'classical music', 'pop music']","{'age': 35, 'occupation': 'teacher', 'interests': ['music', 'reading'], 'personality': 'introverted'}",musical_preference,casual_conversation,music,music,user,2024-01-15,classical music,data/contexts/context_001.json,45,2
persona_002,What do you prefer for breakfast?,I usually have oatmeal with fresh berries,oatmeal,"['oatmeal', 'cereal', 'toast', 'eggs']","{'age': 28, 'occupation': 'software_engineer', 'interests': ['fitness', 'cooking'], 'personality': 'health_conscious'}",food_preference,morning_routine,food,breakfast,user,2024-01-16,cereal,data/contexts/context_002.json,38,1
persona_003,How do you like to spend your weekends?,I prefer quiet activities like reading books or gardening,reading,"['reading', 'partying', 'traveling', 'gaming']","{'age': 42, 'occupation': 'librarian', 'interests': ['books', 'gardening', 'nature'], 'personality': 'quiet'}",activity_preference,weekend_planning,leisure,weekend_activities,user,2024-01-17,traveling,data/contexts/context_003.json,52,3
persona_004,What's your preferred way to exercise?,I love high-intensity workouts and weightlifting,weightlifting,"['weightlifting', 'yoga', 'running', 'swimming']","{'age': 24, 'occupation': 'personal_trainer', 'interests': ['fitness', 'nutrition', 'sports'], 'personality': 'energetic'}",exercise_preference,fitness_discussion,fitness,exercise,user,2024-01-18,running,data/contexts/context_004.json,41,1
persona_005,Which type of movies do you enjoy most?,I'm really into sci-fi and fantasy films,sci-fi,"['sci-fi', 'comedy', 'drama', 'horror']","{'age': 30, 'occupation': 'game_developer', 'interests': ['gaming', 'technology', 'movies'], 'personality': 'creative'}",entertainment_preference,movie_discussion,entertainment,movies,user,2024-01-19,comedy,data/contexts/context_005.json,39,2
persona_006,What's your ideal vacation destination?,I prefer peaceful mountain retreats and nature hiking,mountains,"['mountains', 'beach', 'city', 'countryside']","{'age': 38, 'occupation': 'photographer', 'interests': ['nature', 'hiking', 'photography'], 'personality': 'adventurous'}",travel_preference,vacation_planning,travel,vacation,user,2024-01-20,beach,data/contexts/context_006.json,47,3
persona_007,How do you like your coffee?,I prefer strong black coffee with no additives,black coffee,"['black coffee', 'latte', 'cappuccino', 'tea']","{'age': 45, 'occupation': 'lawyer', 'interests': ['reading', 'work', 'efficiency'], 'personality': 'serious'}",beverage_preference,morning_routine,food,coffee,user,2024-01-21,latte,data/contexts/context_007.json,33,1
persona_008,What's your favorite season?,I absolutely love autumn with its colorful leaves and cool weather,autumn,"['autumn', 'spring', 'summer', 'winter']","{'age': 29, 'occupation': 'artist', 'interests': ['art', 'nature', 'seasonal_activities'], 'personality': 'creative'}",seasonal_preference,weather_discussion,lifestyle,seasons,user,2024-01-22,spring,data/contexts/context_008.json,44,2
persona_009,How do you prefer to learn new things?,I learn best through hands-on practice and experimentation,hands-on,"['hands-on', 'reading', 'videos', 'lectures']","{'age': 26, 'occupation': 'engineer', 'interests': ['technology', 'building', 'problem_solving'], 'personality': 'practical'}",learning_preference,education_discussion,education,learning,user,2024-01-23,reading,data/contexts/context_009.json,42,1
persona_010,What's your preferred social setting?,I enjoy intimate dinner parties with close friends,small gatherings,"['small gatherings', 'large parties', 'one-on-one', 'online social']","{'age': 33, 'occupation': 'chef', 'interests': ['cooking', 'food', 'socializing'], 'personality': 'warm'}",social_preference,social_planning,social,socializing,user,2024-01-24,large parties,data/contexts/context_010.json,48,2
